{"cameraMode":{"drawMode":0,"name":"Shaded","section":"Shading Mode"},"sceneLighting":false,"audioPlay":false,"sceneViewState":{"m_AlwaysRefresh":false,"showFog":false,"showSkybox":false,"showFlares":false,"showImageEffects":false,"showParticleSystems":false,"showVisualEffectGraphs":true,"m_FxEnabled":true},"in2DMode":false,"pivot":{"x":-0.1382198929786682,"y":0.535853922367096,"z":0.10360643267631531},"rotation":{"x":-0.0038262272719293834,"y":0.9543423652648926,"z":-0.2909891605377197,"w":-0.030005324631929399},"size":1.052733063697815,"orthographic":false}